Casinso,RTP,Link
Party Casino, 95.98%,https://slotcatalog.com/en/casino/Party-Casino
Buzz Bingo (Casino), 95.35%,https://slotcatalog.com/en/casino/Buzz-Bingo-Casino
All British Casino, 95.03%,https://slotcatalog.com/en/casino/All-British-Casino
Play Grand, 95.01%,https://slotcatalog.com/en/casino/Play-Grand
Vegas Lounge Casino, 94.97%,https://slotcatalog.com/en/casino/Vegas-Lounge-Casino
Playzee, 94.96%,https://slotcatalog.com/en/casino/Playzee
Spinland, 94.96%,https://slotcatalog.com/en/casino/Spinland
21 Prive, 94.96%,https://slotcatalog.com/en/casino/21-Prive
Slotnite, 94.95%,https://slotcatalog.com/en/casino/Slotnite
Miami Dice, 94.95%,https://slotcatalog.com/en/casino/Miami-Dice
21Casino, 94.93%,https://slotcatalog.com/en/casino/21Casino
Lucky Pants Bingo (Slots and Games), 94.91%,https://slotcatalog.com/en/casino/Lucky-Pants-Bingo-Slots-and-Games
Regal Wins, 94.91%,https://slotcatalog.com/en/casino/Regal-Wins
Magical Vegas, 94.91%,https://slotcatalog.com/en/casino/Magical-Vegas
Spin and Win, 94.91%,https://slotcatalog.com/en/casino/Spin-and-Win
Lucky VIP Casino, 94.91%,https://slotcatalog.com/en/casino/Lucky-VIP-Casino
The Vic, 94.91%,https://slotcatalog.com/en/casino/The-Vic
Kitty Bingo, 94.91%,https://slotcatalog.com/en/casino/Kitty-Bingo
Videoslots, 94.38%,https://slotcatalog.com/en/casino/Videoslots
32Red, 94.11%,https://slotcatalog.com/en/casino/32Red
Play Jango, 93.5%,https://slotcatalog.com/en/casino/Play-Jango
Lucky Louis, 93.5%,https://slotcatalog.com/en/casino/Lucky-Louis
Luna Casino, 93.5%,https://slotcatalog.com/en/casino/Luna-Casino
RedAxePlay Casino, 92%,https://slotcatalog.com/en/casino/RedAxePlay-Casino
PriveWin Casino, 92%,https://slotcatalog.com/en/casino/PriveWin-Casino
Hey Spin, 91.49%,https://slotcatalog.com/en/casino/Hey-Spin
Slots n'Play Casino, 91.41%,https://slotcatalog.com/en/casino/Slots-n-Play-Casino
